{
  "version": "5",
  "dialect": "pg",
  "id": "13b54a97-f449-4e2d-86b2-2d26b881092a",
  "prevId": "00000000-0000-0000-0000-000000000000",
  "tables": {
    "workspaces": {
      "name": "workspaces",
      "schema": "",
      "columns": {
        "id": {
          "name": "id",
          "type": "uuid",
          "primaryKey": true,
          "notNull": true,
          "default": "gen_random_uuid()"
        },
        "created_at": {
          "name": "created_at",
          "type": "timestamp with time zone",
          "primaryKey": false,
          "notNull": false
        },
        "workspace_owner": {
          "name": "workspace_owner",
          "type": "uuid",
          "primaryKey": false,
          "notNull": true
        },
        "title": {
          "name": "title",
          "type": "text",
          "primaryKey": false,
          "notNull": true
        },
        "icon_id": {
          "name": "icon_id",
          "type": "text",
          "primaryKey": false,
          "notNull": true
        },
        "data": {
          "name": "data",
          "type": "text",
          "primaryKey": false,
          "notNull": false
        },
        "in_trash": {
          "name": "in_trash",
          "type": "text",
          "primaryKey": false,
          "notNull": false
        },
        "logo": {
          "name": "logo",
          "type": "text",
          "primaryKey": false,
          "notNull": false
        },
        "banner_url": {
          "name": "banner_url",
          "type": "text",
          "primaryKey": false,
          "notNull": false
        }
      },
      "indexes": {},
      "foreignKeys": {},
      "compositePrimaryKeys": {},
      "uniqueConstraints": {}
    }
  },
  "enums": {},
  "schemas": {},
  "_meta": {
    "schemas": {},
    "tables": {},
    "columns": {}
  }
}