{
  "version": "5",
  "dialect": "pg",
  "id": "cec1cc2d-0f89-49e1-8cb8-7054c7e2fc74",
  "prevId": "13b54a97-f449-4e2d-86b2-2d26b881092a",
  "tables": {
    "files": {
      "name": "files",
      "schema": "",
      "columns": {
        "id": {
          "name": "id",
          "type": "uuid",
          "primaryKey": true,
          "notNull": true,
          "default": "gen_random_uuid()"
        },
        "created_at": {
          "name": "created_at",
          "type": "timestamp with time zone",
          "primaryKey": false,
          "notNull": false
        },
        "title": {
          "name": "title",
          "type": "text",
          "primaryKey": false,
          "notNull": true
        },
        "icon_id": {
          "name": "icon_id",
          "type": "text",
          "primaryKey": false,
          "notNull": true
        },
        "data": {
          "name": "data",
          "type": "text",
          "primaryKey": false,
          "notNull": false
        },
        "in_trash": {
          "name": "in_trash",
          "type": "text",
          "primaryKey": false,
          "notNull": false
        },
        "logo": {
          "name": "logo",
          "type": "text",
          "primaryKey": false,
          "notNull": false
        },
        "banner_url": {
          "name": "banner_url",
          "type": "text",
          "primaryKey": false,
          "notNull": false
        },
        "workspace_id": {
          "name": "workspace_id",
          "type": "uuid",
          "primaryKey": false,
          "notNull": false
        },
        "folder_id": {
          "name": "folder_id",
          "type": "uuid",
          "primaryKey": false,
          "notNull": false
        }
      },
      "indexes": {},
      "foreignKeys": {
        "files_workspace_id_workspaces_id_fk": {
          "name": "files_workspace_id_workspaces_id_fk",
          "tableFrom": "files",
          "tableTo": "workspaces",
          "columnsFrom": [
            "workspace_id"
          ],
          "columnsTo": [
            "id"
          ],
          "onDelete": "cascade",
          "onUpdate": "no action"
        },
        "files_folder_id_folders_id_fk": {
          "name": "files_folder_id_folders_id_fk",
          "tableFrom": "files",
          "tableTo": "folders",
          "columnsFrom": [
            "folder_id"
          ],
          "columnsTo": [
            "id"
          ],
          "onDelete": "cascade",
          "onUpdate": "no action"
        }
      },
      "compositePrimaryKeys": {},
      "uniqueConstraints": {}
    },
    "folders": {
      "name": "folders",
      "schema": "",
      "columns": {
        "id": {
          "name": "id",
          "type": "uuid",
          "primaryKey": true,
          "notNull": true,
          "default": "gen_random_uuid()"
        },
        "created_at": {
          "name": "created_at",
          "type": "timestamp with time zone",
          "primaryKey": false,
          "notNull": false
        },
        "title": {
          "name": "title",
          "type": "text",
          "primaryKey": false,
          "notNull": true
        },
        "icon_id": {
          "name": "icon_id",
          "type": "text",
          "primaryKey": false,
          "notNull": true
        },
        "data": {
          "name": "data",
          "type": "text",
          "primaryKey": false,
          "notNull": false
        },
        "in_trash": {
          "name": "in_trash",
          "type": "text",
          "primaryKey": false,
          "notNull": false
        },
        "logo": {
          "name": "logo",
          "type": "text",
          "primaryKey": false,
          "notNull": false
        },
        "banner_url": {
          "name": "banner_url",
          "type": "text",
          "primaryKey": false,
          "notNull": false
        },
        "workspace_id": {
          "name": "workspace_id",
          "type": "uuid",
          "primaryKey": false,
          "notNull": false
        }
      },
      "indexes": {},
      "foreignKeys": {
        "folders_workspace_id_workspaces_id_fk": {
          "name": "folders_workspace_id_workspaces_id_fk",
          "tableFrom": "folders",
          "tableTo": "workspaces",
          "columnsFrom": [
            "workspace_id"
          ],
          "columnsTo": [
            "id"
          ],
          "onDelete": "cascade",
          "onUpdate": "no action"
        }
      },
      "compositePrimaryKeys": {},
      "uniqueConstraints": {}
    },
    "workspaces": {
      "name": "workspaces",
      "schema": "",
      "columns": {
        "id": {
          "name": "id",
          "type": "uuid",
          "primaryKey": true,
          "notNull": true,
          "default": "gen_random_uuid()"
        },
        "created_at": {
          "name": "created_at",
          "type": "timestamp with time zone",
          "primaryKey": false,
          "notNull": false
        },
        "workspace_owner": {
          "name": "workspace_owner",
          "type": "uuid",
          "primaryKey": false,
          "notNull": true
        },
        "title": {
          "name": "title",
          "type": "text",
          "primaryKey": false,
          "notNull": true
        },
        "icon_id": {
          "name": "icon_id",
          "type": "text",
          "primaryKey": false,
          "notNull": true
        },
        "data": {
          "name": "data",
          "type": "text",
          "primaryKey": false,
          "notNull": false
        },
        "in_trash": {
          "name": "in_trash",
          "type": "text",
          "primaryKey": false,
          "notNull": false
        },
        "logo": {
          "name": "logo",
          "type": "text",
          "primaryKey": false,
          "notNull": false
        },
        "banner_url": {
          "name": "banner_url",
          "type": "text",
          "primaryKey": false,
          "notNull": false
        }
      },
      "indexes": {},
      "foreignKeys": {},
      "compositePrimaryKeys": {},
      "uniqueConstraints": {}
    }
  },
  "enums": {},
  "schemas": {},
  "_meta": {
    "schemas": {},
    "tables": {},
    "columns": {}
  }
}