{
  "version": "5",
  "dialect": "pg",
  "id": "c0a058e4-3be8-4c3e-995e-827266218823",
  "prevId": "d896c70a-63db-42fc-a341-0d9694cebfdf",
  "tables": {
    "collaborators": {
      "name": "collaborators",
      "schema": "",
      "columns": {
        "id": {
          "name": "id",
          "type": "uuid",
          "primaryKey": true,
          "notNull": true,
          "default": "gen_random_uuid()"
        },
        "workspace_id": {
          "name": "workspace_id",
          "type": "uuid",
          "primaryKey": false,
          "notNull": true
        },
        "created_at": {
          "name": "created_at",
          "type": "timestamp with time zone",
          "primaryKey": false,
          "notNull": true,
          "default": "now()"
        },
        "user_id": {
          "name": "user_id",
          "type": "uuid",
          "primaryKey": false,
          "notNull": true
        }
      },
      "indexes": {},
      "foreignKeys": {
        "collaborators_workspace_id_workspaces_id_fk": {
          "name": "collaborators_workspace_id_workspaces_id_fk",
          "tableFrom": "collaborators",
          "tableTo": "workspaces",
          "columnsFrom": [
            "workspace_id"
          ],
          "columnsTo": [
            "id"
          ],
          "onDelete": "cascade",
          "onUpdate": "no action"
        },
        "collaborators_user_id_users_id_fk": {
          "name": "collaborators_user_id_users_id_fk",
          "tableFrom": "collaborators",
          "tableTo": "users",
          "columnsFrom": [
            "user_id"
          ],
          "columnsTo": [
            "id"
          ],
          "onDelete": "cascade",
          "onUpdate": "no action"
        }
      },
      "compositePrimaryKeys": {},
      "uniqueConstraints": {}
    },
    "files": {
      "name": "files",
      "schema": "",
      "columns": {
        "id": {
          "name": "id",
          "type": "uuid",
          "primaryKey": true,
          "notNull": true,
          "default": "gen_random_uuid()"
        },
        "created_at": {
          "name": "created_at",
          "type": "timestamp with time zone",
          "primaryKey": false,
          "notNull": true,
          "default": "now()"
        },
        "title": {
          "name": "title",
          "type": "text",
          "primaryKey": false,
          "notNull": true
        },
        "icon_id": {
          "name": "icon_id",
          "type": "text",
          "primaryKey": false,
          "notNull": true
        },
        "data": {
          "name": "data",
          "type": "text",
          "primaryKey": false,
          "notNull": false
        },
        "in_trash": {
          "name": "in_trash",
          "type": "text",
          "primaryKey": false,
          "notNull": false
        },
        "banner_url": {
          "name": "banner_url",
          "type": "text",
          "primaryKey": false,
          "notNull": false
        },
        "workspace_id": {
          "name": "workspace_id",
          "type": "uuid",
          "primaryKey": false,
          "notNull": true
        },
        "folder_id": {
          "name": "folder_id",
          "type": "uuid",
          "primaryKey": false,
          "notNull": true
        }
      },
      "indexes": {},
      "foreignKeys": {
        "files_workspace_id_workspaces_id_fk": {
          "name": "files_workspace_id_workspaces_id_fk",
          "tableFrom": "files",
          "tableTo": "workspaces",
          "columnsFrom": [
            "workspace_id"
          ],
          "columnsTo": [
            "id"
          ],
          "onDelete": "cascade",
          "onUpdate": "no action"
        },
        "files_folder_id_folders_id_fk": {
          "name": "files_folder_id_folders_id_fk",
          "tableFrom": "files",
          "tableTo": "folders",
          "columnsFrom": [
            "folder_id"
          ],
          "columnsTo": [
            "id"
          ],
          "onDelete": "cascade",
          "onUpdate": "no action"
        }
      },
      "compositePrimaryKeys": {},
      "uniqueConstraints": {}
    },
    "folders": {
      "name": "folders",
      "schema": "",
      "columns": {
        "id": {
          "name": "id",
          "type": "uuid",
          "primaryKey": true,
          "notNull": true,
          "default": "gen_random_uuid()"
        },
        "created_at": {
          "name": "created_at",
          "type": "timestamp with time zone",
          "primaryKey": false,
          "notNull": true,
          "default": "now()"
        },
        "title": {
          "name": "title",
          "type": "text",
          "primaryKey": false,
          "notNull": true
        },
        "icon_id": {
          "name": "icon_id",
          "type": "text",
          "primaryKey": false,
          "notNull": true
        },
        "data": {
          "name": "data",
          "type": "text",
          "primaryKey": false,
          "notNull": false
        },
        "in_trash": {
          "name": "in_trash",
          "type": "text",
          "primaryKey": false,
          "notNull": false
        },
        "banner_url": {
          "name": "banner_url",
          "type": "text",
          "primaryKey": false,
          "notNull": false
        },
        "workspace_id": {
          "name": "workspace_id",
          "type": "uuid",
          "primaryKey": false,
          "notNull": true
        }
      },
      "indexes": {},
      "foreignKeys": {
        "folders_workspace_id_workspaces_id_fk": {
          "name": "folders_workspace_id_workspaces_id_fk",
          "tableFrom": "folders",
          "tableTo": "workspaces",
          "columnsFrom": [
            "workspace_id"
          ],
          "columnsTo": [
            "id"
          ],
          "onDelete": "cascade",
          "onUpdate": "no action"
        }
      },
      "compositePrimaryKeys": {},
      "uniqueConstraints": {}
    },
    "subscriptions": {
      "name": "subscriptions",
      "schema": "",
      "columns": {
        "id": {
          "name": "id",
          "type": "text",
          "primaryKey": true,
          "notNull": true
        },
        "user_id": {
          "name": "user_id",
          "type": "uuid",
          "primaryKey": false,
          "notNull": true
        },
        "status": {
          "name": "status",
          "type": "subscription_status",
          "primaryKey": false,
          "notNull": false
        },
        "metadata": {
          "name": "metadata",
          "type": "jsonb",
          "primaryKey": false,
          "notNull": false
        },
        "price_id": {
          "name": "price_id",
          "type": "text",
          "primaryKey": false,
          "notNull": false
        },
        "quantity": {
          "name": "quantity",
          "type": "integer",
          "primaryKey": false,
          "notNull": false
        },
        "cancel_at_period_end": {
          "name": "cancel_at_period_end",
          "type": "boolean",
          "primaryKey": false,
          "notNull": false
        },
        "created": {
          "name": "created",
          "type": "timestamp with time zone",
          "primaryKey": false,
          "notNull": true,
          "default": "now()"
        },
        "current_period_start": {
          "name": "current_period_start",
          "type": "timestamp with time zone",
          "primaryKey": false,
          "notNull": true,
          "default": "now()"
        },
        "current_period_end": {
          "name": "current_period_end",
          "type": "timestamp with time zone",
          "primaryKey": false,
          "notNull": true,
          "default": "now()"
        },
        "ended_at": {
          "name": "ended_at",
          "type": "timestamp with time zone",
          "primaryKey": false,
          "notNull": false,
          "default": "now()"
        },
        "cancel_at": {
          "name": "cancel_at",
          "type": "timestamp with time zone",
          "primaryKey": false,
          "notNull": false,
          "default": "now()"
        },
        "canceled_at": {
          "name": "canceled_at",
          "type": "timestamp with time zone",
          "primaryKey": false,
          "notNull": false,
          "default": "now()"
        },
        "trial_start": {
          "name": "trial_start",
          "type": "timestamp with time zone",
          "primaryKey": false,
          "notNull": false,
          "default": "now()"
        },
        "trial_end": {
          "name": "trial_end",
          "type": "timestamp with time zone",
          "primaryKey": false,
          "notNull": false,
          "default": "now()"
        }
      },
      "indexes": {},
      "foreignKeys": {
        "subscriptions_price_id_prices_id_fk": {
          "name": "subscriptions_price_id_prices_id_fk",
          "tableFrom": "subscriptions",
          "tableTo": "prices",
          "columnsFrom": [
            "price_id"
          ],
          "columnsTo": [
            "id"
          ],
          "onDelete": "no action",
          "onUpdate": "no action"
        }
      },
      "compositePrimaryKeys": {},
      "uniqueConstraints": {}
    },
    "workspaces": {
      "name": "workspaces",
      "schema": "",
      "columns": {
        "id": {
          "name": "id",
          "type": "uuid",
          "primaryKey": true,
          "notNull": true,
          "default": "gen_random_uuid()"
        },
        "created_at": {
          "name": "created_at",
          "type": "timestamp with time zone",
          "primaryKey": false,
          "notNull": true,
          "default": "now()"
        },
        "workspace_owner": {
          "name": "workspace_owner",
          "type": "uuid",
          "primaryKey": false,
          "notNull": true
        },
        "title": {
          "name": "title",
          "type": "text",
          "primaryKey": false,
          "notNull": true
        },
        "icon_id": {
          "name": "icon_id",
          "type": "text",
          "primaryKey": false,
          "notNull": true
        },
        "data": {
          "name": "data",
          "type": "text",
          "primaryKey": false,
          "notNull": false
        },
        "in_trash": {
          "name": "in_trash",
          "type": "text",
          "primaryKey": false,
          "notNull": false
        },
        "logo": {
          "name": "logo",
          "type": "text",
          "primaryKey": false,
          "notNull": false
        },
        "banner_url": {
          "name": "banner_url",
          "type": "text",
          "primaryKey": false,
          "notNull": false
        }
      },
      "indexes": {},
      "foreignKeys": {},
      "compositePrimaryKeys": {},
      "uniqueConstraints": {}
    }
  },
  "enums": {},
  "schemas": {},
  "_meta": {
    "schemas": {},
    "tables": {},
    "columns": {}
  }
}